INSERT INTO jc_street (street_code, street_name) VALUES
(1, 'улица Неженская'),
(2, 'улица Невская'),
(3, 'проспект Космонавта Комарова'),
(4, 'улица Электриков'),
(5, 'улица Льва Толстого');

INSERT INTO jc_country_structure (area_id, area_name) VALUES
('01000000', 'Киев'),
('01010000', 'Киев Соломенский район'),
('01020000', 'Киев Святошинский район'),
('01030000', 'Киев Дарницкий район'),
('01040000', 'Киев Подольский район'),
('01050000', 'Киев Оболонский район'),
('01060000', 'Киев Голосеевский район'),
('01070000', 'Киев Днепровский район'),
('01080000', 'Киев Деснянский район'),

('02000000', 'Район'),
('02001000', 'Район Соломенский'),
('02001001', 'Район Соломенский Поселение 1'),
('02001002', 'Район Соломенский Поселение 2'),
('02002000', 'Район Святошинский'),
('02002001', 'Район Святошинский Поселение 1'),
('02002002', 'Район Святошинский Поселение 2'),
('02003000', 'Район Дарницкий'),
('02003001', 'Район Дарницкий Поселение 1'),
('02003002', 'Район Дарницкий Поселение 2'),
('02004000', 'Район Подольский'),
('02004001', 'Район Подольский Поселение 1'),
('02004002', 'Район Подольский Поселение 2'),
('02005000', 'Район Оболонский'),
('02005001', 'Район Оболонский Поселение 1'),
('02005002', 'Район Оболонский Поселение 2'),
('02006000', 'Район Голосеевский'),
('02006001', 'Район Голосеевский Поселение 1'),
('02006002', 'Район Голосеевский Поселение 2'),
('02007000', 'Район Днепровский'),
('02007001', 'Район Днепровский Поселение 1'),
('02007002', 'Район Днепровский Поселение 2'),
('02008000', 'Район Деснянский'),
('02008001', 'Район Деснянский Поселение 1'),
('02008002', 'Район Деснянский Поселение 2');

INSERT INTO jc_passport_office (passport_office_id, passport_office_area_id, passport_office_name)
VALUES
(1, '02001000', 'Паспортный стол Соломенского района'),
(2, '02001001', 'Паспортный стол Святошинского района'),
(3, '02002001', 'Паспортный стол Дарницкого района'),
(4, '02001001', 'Паспортный стол Подольского района'),
(5, '02002001', 'Паспортный стол Оболонского района'),
(6, '02001001', 'Паспортный стол Днепровского района'),
(7, '02002001', 'Паспортный стол Печерского района'),
(8, '02001001', 'Паспортный стол Шевченковского района');

INSERT INTO jc_register_office (register_office_id, register_office_area_id, register_office_name) VALUES
(1, '02001000', 'ЗАГС Соломенского района'),
(2, '02001000', 'ЗАГС Святошинского района'),
(3, '02002001', 'ЗАГС Дарницкого района'),
(4, '02001000', 'ЗАГС Подольского района'),
(5, '02001000', 'ЗАГС Оболонского района'),
(6, '02002001', 'ЗАГС Печерского района'),
(7, '02002001', 'ЗАГС Шевченковского района');






